{
  "evaluation_parameters": {},
  "meta": {
    "active_batch_definition": {
      "batch_identifiers": {},
      "data_asset_name": "gold_filter",
      "data_connector_name": "fluent",
      "datasource_name": "ge_datasource"
    },
    "batch_markers": {
      "ge_load_time": "20231013T145439.355314Z"
    },
    "batch_spec": {
      "batch_identifiers": {},
      "data_asset_name": "gold_filter",
      "query": "SELECT * from ibm_prices_gold where date > '2023-09-29'",
      "temp_table_schema_name": null
    },
    "checkpoint_id": null,
    "checkpoint_name": "checkpoint_gold_filter",
    "expectation_suite_name": "suite_gold_filter",
    "great_expectations_version": "0.17.21",
    "run_id": {
      "run_name": null,
      "run_time": "2023-10-13T11:54:39.291598-03:00"
    },
    "validation_id": null,
    "validation_time": "20231013T145439.392738Z"
  },
  "results": [
    {
      "exception_info": {
        "exception_message": null,
        "exception_traceback": null,
        "raised_exception": false
      },
      "expectation_config": {
        "expectation_type": "expect_column_values_to_not_be_null",
        "kwargs": {
          "batch_id": "ge_datasource-gold_filter",
          "column": "mean_diff_high_low"
        },
        "meta": {}
      },
      "meta": {},
      "result": {
        "element_count": 4,
        "partial_unexpected_counts": [],
        "partial_unexpected_list": [],
        "unexpected_count": 0,
        "unexpected_percent": 0.0
      },
      "success": true
    }
  ],
  "statistics": {
    "evaluated_expectations": 1,
    "success_percent": 100.0,
    "successful_expectations": 1,
    "unsuccessful_expectations": 0
  },
  "success": true
}