{
  "evaluation_parameters": {},
  "meta": {
    "active_batch_definition": {
      "batch_identifiers": {
        "datetime": {
          "day": 5,
          "month": 10,
          "year": 2023
        }
      },
      "data_asset_name": "silver",
      "data_connector_name": "fluent",
      "datasource_name": "ge_datasource"
    },
    "batch_markers": {
      "ge_load_time": "20231013T165111.934598Z"
    },
    "batch_spec": {
      "batch_identifiers": {
        "datetime": {
          "day": 5,
          "month": 10,
          "year": 2023
        }
      },
      "data_asset_name": "silver",
      "schema_name": null,
      "splitter_kwargs": {
        "column_name": "datetime"
      },
      "splitter_method": "split_on_year_and_month_and_day",
      "table_name": "ibm_prices_silver",
      "type": "table"
    },
    "checkpoint_id": null,
    "checkpoint_name": "checkpoint_silver_multiple_query",
    "expectation_suite_name": "suite_silver_multiple_query",
    "great_expectations_version": "0.17.21",
    "run_id": {
      "run_name": null,
      "run_time": "2023-10-13T13:51:06.696600-03:00"
    },
    "validation_id": null,
    "validation_time": "20231013T165111.954303Z"
  },
  "results": [
    {
      "exception_info": {
        "exception_message": null,
        "exception_traceback": null,
        "raised_exception": false
      },
      "expectation_config": {
        "expectation_type": "expect_column_values_to_be_of_type",
        "kwargs": {
          "batch_id": "ge_datasource-silver-year_2023-month_10-day_5",
          "column": "1__open",
          "type_": "REAL"
        },
        "meta": {}
      },
      "meta": {},
      "result": {
        "observed_value": "REAL"
      },
      "success": true
    },
    {
      "exception_info": {
        "exception_message": null,
        "exception_traceback": null,
        "raised_exception": false
      },
      "expectation_config": {
        "expectation_type": "expect_column_values_to_be_of_type",
        "kwargs": {
          "batch_id": "ge_datasource-silver-year_2023-month_10-day_5",
          "column": "5__volume",
          "type_": "INTEGER"
        },
        "meta": {}
      },
      "meta": {},
      "result": {
        "observed_value": "INTEGER"
      },
      "success": true
    },
    {
      "exception_info": {
        "exception_message": null,
        "exception_traceback": null,
        "raised_exception": false
      },
      "expectation_config": {
        "expectation_type": "expect_column_values_to_be_between",
        "kwargs": {
          "batch_id": "ge_datasource-silver-year_2023-month_10-day_5",
          "column": "5__volume",
          "max_value": 100000,
          "min_value": 0
        },
        "meta": {}
      },
      "meta": {},
      "result": {
        "element_count": 15,
        "missing_count": 0,
        "missing_percent": 0.0,
        "partial_unexpected_counts": [
          {
            "count": 1,
            "value": 159429
          },
          {
            "count": 1,
            "value": 252763
          },
          {
            "count": 1,
            "value": 256181
          },
          {
            "count": 1,
            "value": 260604
          },
          {
            "count": 1,
            "value": 275617
          },
          {
            "count": 1,
            "value": 291643
          },
          {
            "count": 1,
            "value": 726001
          },
          {
            "count": 1,
            "value": 796259
          },
          {
            "count": 1,
            "value": 798695
          },
          {
            "count": 1,
            "value": 2591487
          }
        ],
        "partial_unexpected_list": [
          796259,
          798695,
          2591487,
          726001,
          275617,
          256181,
          252763,
          260604,
          291643,
          159429
        ],
        "unexpected_count": 10,
        "unexpected_percent": 66.66666666666666,
        "unexpected_percent_nonmissing": 66.66666666666666,
        "unexpected_percent_total": 66.66666666666666
      },
      "success": false
    },
    {
      "exception_info": {
        "exception_message": null,
        "exception_traceback": null,
        "raised_exception": false
      },
      "expectation_config": {
        "expectation_type": "expect_column_values_to_be_between",
        "kwargs": {
          "batch_id": "ge_datasource-silver-year_2023-month_10-day_5",
          "column": "diff_high_low",
          "max_value": 1000,
          "min_value": 0
        },
        "meta": {}
      },
      "meta": {},
      "result": {
        "element_count": 15,
        "missing_count": 0,
        "missing_percent": 0.0,
        "partial_unexpected_counts": [],
        "partial_unexpected_list": [],
        "unexpected_count": 0,
        "unexpected_percent": 0.0,
        "unexpected_percent_nonmissing": 0.0,
        "unexpected_percent_total": 0.0
      },
      "success": true
    }
  ],
  "statistics": {
    "evaluated_expectations": 4,
    "success_percent": 75.0,
    "successful_expectations": 3,
    "unsuccessful_expectations": 1
  },
  "success": false
}