{
  "data_asset_type": null,
  "expectation_suite_name": "suite_silver_multiple_query",
  "expectations": [
    {
      "expectation_type": "expect_column_values_to_be_of_type",
      "kwargs": {
        "column": "1__open",
        "type_": "REAL"
      },
      "meta": {}
    },
    {
      "expectation_type": "expect_column_values_to_be_of_type",
      "kwargs": {
        "column": "5__volume",
        "type_": "INTEGER"
      },
      "meta": {}
    },
    {
      "expectation_type": "expect_column_values_to_be_between",
      "kwargs": {
        "column": "diff_high_low",
        "max_value": 1000,
        "min_value": 0
      },
      "meta": {}
    },
    {
      "expectation_type": "expect_column_values_to_be_between",
      "kwargs": {
        "column": "5__volume",
        "max_value": 100000,
        "min_value": 0
      },
      "meta": {}
    }
  ],
  "ge_cloud_id": null,
  "meta": {
    "great_expectations_version": "0.17.21"
  }
}