{
  "evaluation_parameters": {},
  "meta": {
    "active_batch_definition": {
      "batch_identifiers": {
        "datetime": {
          "day": 28,
          "month": 9,
          "year": 2023
        }
      },
      "data_asset_name": "silver",
      "data_connector_name": "fluent",
      "datasource_name": "ge_datasource"
    },
    "batch_markers": {
      "ge_load_time": "20231013T161119.123909Z"
    },
    "batch_spec": {
      "batch_identifiers": {
        "datetime": {
          "day": 28,
          "month": 9,
          "year": 2023
        }
      },
      "data_asset_name": "silver",
      "schema_name": null,
      "splitter_kwargs": {
        "column_name": "datetime"
      },
      "splitter_method": "split_on_year_and_month_and_day",
      "table_name": "ibm_prices_silver",
      "type": "table"
    },
    "checkpoint_id": null,
    "checkpoint_name": "checkpoint_silver_multiple",
    "expectation_suite_name": "suite_silver",
    "great_expectations_version": "0.17.21",
    "run_id": {
      "run_name": null,
      "run_time": "2023-10-13T13:11:12.893885-03:00"
    },
    "validation_id": null,
    "validation_time": "20231013T161119.150911Z"
  },
  "results": [],
  "statistics": {
    "evaluated_expectations": 0,
    "success_percent": null,
    "successful_expectations": 0,
    "unsuccessful_expectations": 0
  },
  "success": true
}