{
    "1": {
        "Status": true,
        "Nome": "Henrique",
        "Telefone": "78774123",
        "Endereço": "Rua do Python"
    },

    "2": {
        "Status": true,
        "Nome": "Sebastião",
        "Telefone": "23546312",
        "Endereço": "Modulo II"
    },

    "3": {
        "Status": true,
        "Nome": "João",
        "Telefone": "45786327",
        "Endereço": "Av. Faria Lima"
    },

    "4": {
        "Status": false,
        "Nome": "Maria",
        "Telefone": "74125823",
        "Endereço": "Av. Paulista"
    },
    "5": {
        "Status": false,
        "Nome": "Juliana",
        "Telefone": "41230578",
        "Endereço": "Rua das Flores"
    }
}